{
    "0": [
        163.00554660322703,
        39.17587786681732
    ],
    "1": [
        232.49110082602186,
        37.87562320108057
    ],
    "2": [
        165.04140304095347,
        64.7970088039672
    ],
    "3": [
        231.3688166260326,
        64.91709870659368
    ],
    "4": [
        166.7392325640203,
        75.9359956038431
    ],
    "5": [
        230.5640077660192,
        76.12343393227985
    ],
    "6": [
        167.6220134327408,
        103.92604384178408
    ],
    "7": [
        229.26798708299557,
        106.56036904214554
    ],
    "8": [
        168.7457381379295,
        115.53012016145661
    ],
    "9": [
        228.15376572577802,
        118.45856962402847
    ],
    "10": [
        166.55692433461132,
        145.65649656433297
    ],
    "11": [
        224.51302754795677,
        151.75335241509833
    ],
    "12": [
        165.96039464205245,
        157.44904425726952
    ],
    "13": [
        222.94268924943177,
        164.26438106257464
    ],
    "14": [
        159.95695332717474,
        189.46221372232387
    ],
    "15": [
        217.11662000587705,
        199.37499750378421
    ],
    "16": [
        158.19853339238767,
        201.713712595339
    ],
    "17": [
        215.2527988135944,
        211.42311935054502
    ],
    "18": [
        149.3674777209257,
        235.68741077569354
    ],
    "19": [
        207.6704862730836,
        247.08200275625578
    ],
    "20": [
        147.33822475219768,
        248.40223876677535
    ],
    "21": [
        205.4024537736186,
        258.4177832100296
    ],
    "22": [
        137.84826072355935,
        284.1403964964632
    ],
    "23": [
        198.92929726346705,
        294.3526779807628
    ],
    "24": [
        136.02950900747416,
        297.74526752619494
    ],
    "25": [
        197.16809575824462,
        305.20132778337324
    ],
    "26": [
        128.74341383869412,
        335.2035063220714
    ],
    "27": [
        193.3429808907143,
        341.290684467323
    ],
    "28": [
        128.1527603302758,
        349.7386441486771
    ],
    "29": [
        192.11989008721605,
        352.3332449870883
    ],
    "30": [
        124.29684114728632,
        388.75031601360587
    ],
    "31": [
        191.86771522052393,
        389.2556907209725
    ],
    "32": [
        125.03626918512545,
        403.7311092260474
    ],
    "33": [
        191.67753931847412,
        400.68865943125047
    ],
    "34": [
        125.69556317000064,
        444.227279127365
    ],
    "35": [
        195.02927258993032,
        438.66760408299405
    ],
    "36": [
        128.16625290319575,
        459.49820693397106
    ],
    "37": [
        195.79676498951818,
        450.9079399827314
    ],
    "38": [
        132.27345399468507,
        500.84824858235834
    ],
    "39": [
        204.0518138493703,
        489.94341091465947
    ],
    "40": [
        135.8245154063978,
        517.2148965790965
    ],
    "41": [
        206.42328815795102,
        504.0623773517691
    ],
    "42": [
        142.23228163372616,
        559.2891248070806
    ],
    "43": [
        217.1105896275316,
        545.3374868899717
    ],
    "44": [
        146.02597538763496,
        575.8489351850636
    ],
    "45": [
        221.07735926028678,
        561.761330236538
    ],
    "46": [
        152.59228523086364,
        618.9075107640845
    ],
    "47": [
        231.65230237479943,
        606.065031861776
    ],
    "48": [
        156.21041204373913,
        636.1891038699739
    ],
    "49": [
        235.80993584401267,
        625.6969714273599
    ],
    "50": [
        161.488064609623,
        679.9340536425311
    ],
    "51": [
        243.01844751703,
        672.5935953420422
    ],
    "52": [
        163.58237260035776,
        697.9601167502177
    ],
    "53": [
        245.84619199282693,
        694.6583499411709
    ],
    "54": [
        164.35997903931855,
        741.8569898738002
    ],
    "55": [
        247.3867172512869,
        742.1797087120194
    ],
    "56": [
        163.4685475444232,
        761.3803011379133
    ],
    "57": [
        248.12200906766364,
        765.7020491599354
    ],
    "58": [
        159.3200041845675,
        807.1446744435729
    ],
    "59": [
        246.26104603579267,
        814.6754763086585
    ],
    "60": [
        156.04544066184755,
        828.7258481027152
    ],
    "61": [
        245.28537021964198,
        836.805348704502
    ],
    "62": [
        148.99214228609588,
        876.1104858554709
    ],
    "63": [
        241.9661803638118,
        885.9183695735217
    ],
    "64": [
        146.31454786978844,
        862.7761547491721
    ],
    "65": [
        241.79438273062425,
        870.7003830482021
    ],
    "66": [
        139.40964419084068,
        905.519809242223
    ],
    "67": [
        239.0737253282149,
        914.1719140264792
    ]
}