{
    "0": [
        0.4244135550935554,
        0.03831080582120581
    ],
    "1": [
        0.6106729106029106,
        0.037040206237006275
    ],
    "2": [
        0.4298322661122663,
        0.06336772141372142
    ],
    "3": [
        0.607871912681913,
        0.06348597920997925
    ],
    "4": [
        0.4344126819126818,
        0.07426195218295222
    ],
    "5": [
        0.6058081704781705,
        0.07444528898128895
    ],
    "6": [
        0.4368009979209979,
        0.10163495426195426
    ],
    "7": [
        0.6023225779625778,
        0.10421195218295214
    ],
    "8": [
        0.4398608731808731,
        0.11298400623700626
    ],
    "9": [
        0.5994958835758836,
        0.11584811434511427
    ],
    "10": [
        0.4342151975051973,
        0.14244695426195425
    ],
    "11": [
        0.5900315384615381,
        0.148409575883576
    ],
    "12": [
        0.4328615592515594,
        0.15398011018711036
    ],
    "13": [
        0.5860409979209974,
        0.16064487941787958
    ],
    "14": [
        0.4170159875259873,
        0.18528790020790037
    ],
    "15": [
        0.5707106860706864,
        0.1949817879417879
    ],
    "16": [
        0.4125541372141373,
        0.19726896049896056
    ],
    "17": [
        0.5661026403326406,
        0.20676422037422038
    ],
    "18": [
        0.38947407484407465,
        0.23049451143451163
    ],
    "19": [
        0.5463118918918913,
        0.24163781704781714
    ],
    "20": [
        0.3843229729729727,
        0.24292893970893983
    ],
    "21": [
        0.5406590020790021,
        0.2527239708939708
    ],
    "22": [
        0.3594589833679834,
        0.27787896049896055
    ],
    "23": [
        0.5237647401247404,
        0.28786752598752585
    ],
    "24": [
        0.35486443035343046,
        0.2911837422037417
    ],
    "25": [
        0.5193651559251555,
        0.2984770062370063
    ],
    "26": [
        0.3359464490644493,
        0.3278163201663204
    ],
    "27": [
        0.5094355717255715,
        0.33377130977131
    ],
    "28": [
        0.3345976029106027,
        0.3420313097713098
    ],
    "29": [
        0.5064002910602907,
        0.3445705405405406
    ],
    "30": [
        0.3247321164241167,
        0.3801829729729732
    ],
    "31": [
        0.5060574428274427,
        0.3806794178794183
    ],
    "32": [
        0.32682695426195396,
        0.3948334719334721
    ],
    "33": [
        0.5055988565488566,
        0.39185997920997906
    ],
    "34": [
        0.3287843866943869,
        0.4344370893970893
    ],
    "35": [
        0.514818295218295,
        0.42900232848232794
    ],
    "36": [
        0.33535968814968825,
        0.44937195426195436
    ],
    "37": [
        0.5168530977130978,
        0.44097307692307663
    ],
    "38": [
        0.3462888336798337,
        0.48981068607068545
    ],
    "39": [
        0.5389534927234928,
        0.47914787941787934
    ],
    "40": [
        0.3555693555093552,
        0.5058180041580035
    ],
    "41": [
        0.5451860706860705,
        0.49295509355509404
    ],
    "42": [
        0.37221774220374204,
        0.5469652390852389
    ],
    "43": [
        0.5736059667359666,
        0.5333206029106025
    ],
    "44": [
        0.38176141995841956,
        0.5631603950103954
    ],
    "45": [
        0.5838350311850315,
        0.549382016632016
    ],
    "46": [
        0.39839906860706836,
        0.605271143451143
    ],
    "47": [
        0.6113591683991685,
        0.59271024948025
    ],
    "48": [
        0.4075208253638255,
        0.6221724740124738
    ],
    "49": [
        0.6219941787941795,
        0.6119089812889816
    ],
    "50": [
        0.42044769230769213,
        0.6649539293139293
    ],
    "51": [
        0.640542162162162,
        0.6577725779625774
    ],
    "52": [
        0.4254706174636177,
        0.6825830561330557
    ],
    "53": [
        0.6473151143451146,
        0.6793510602910608
    ],
    "54": [
        0.42643658627858594,
        0.7255134719334717
    ],
    "55": [
        0.6507544490644492,
        0.7258258212058214
    ],
    "56": [
        0.4239640956340953,
        0.7446063617463625
    ],
    "57": [
        0.6520233264033263,
        0.7488295426195427
    ],
    "58": [
        0.411852397089397,
        0.7893631185031192
    ],
    "59": [
        0.6460553014553015,
        0.7967252390852388
    ],
    "60": [
        0.4030599376299376,
        0.8104681288981292
    ],
    "61": [
        0.6430793555093557,
        0.8183670270270271
    ],
    "62": [
        0.3833106652806651,
        0.8568105613305615
    ],
    "63": [
        0.633491143451143,
        0.8663995426195428
    ],
    "64": [
        0.375634178794179,
        0.8437863991683987
    ],
    "65": [
        0.6328220790020788,
        0.8515340498960496
    ],
    "66": [
        0.3564291829521827,
        0.8855834698544698
    ],
    "67": [
        0.6250608523908525,
        0.8940433014553014
    ]
}