{
    "0": [
        0.4241761954261957,
        0.03701750644490642
    ],
    "1": [
        0.61071920997921,
        0.03577047650727653
    ],
    "2": [
        0.4296804573804577,
        0.06179566943866945
    ],
    "3": [
        0.607854573804574,
        0.06183574636174642
    ],
    "4": [
        0.4341291476091474,
        0.07282817671517675
    ],
    "5": [
        0.6059817671517672,
        0.07293133887733887
    ],
    "6": [
        0.4364448024948025,
        0.10009638669438668
    ],
    "7": [
        0.6024563409563407,
        0.10263984199584193
    ],
    "8": [
        0.4395004365904364,
        0.1114129002079002
    ],
    "9": [
        0.5993958419958421,
        0.11423751767151757
    ],
    "10": [
        0.43428066528066506,
        0.1408179313929314
    ],
    "11": [
        0.5902325779625776,
        0.14664822453222465
    ],
    "12": [
        0.4333380873180875,
        0.1524113160083161
    ],
    "13": [
        0.5864932432432428,
        0.15891369438669456
    ],
    "14": [
        0.417848108108108,
        0.18355237006237024
    ],
    "15": [
        0.5712045114345119,
        0.19311062370062373
    ],
    "16": [
        0.41329804573804585,
        0.195495841995842
    ],
    "17": [
        0.5665971933471935,
        0.20488286902286904
    ],
    "18": [
        0.3904462370062368,
        0.22868390852390869
    ],
    "19": [
        0.5470534719334713,
        0.23980305613305616
    ],
    "20": [
        0.3852408939708938,
        0.24115031185031205
    ],
    "21": [
        0.5415907484407484,
        0.2510241995841995
    ],
    "22": [
        0.36038532432432424,
        0.27602854469854476
    ],
    "23": [
        0.5245616424116428,
        0.286073555093555
    ],
    "24": [
        0.3556166133056134,
        0.2893716632016628
    ],
    "25": [
        0.5201122661122658,
        0.2967252806652807
    ],
    "26": [
        0.3366575093555095,
        0.32583800415800446
    ],
    "27": [
        0.5097924324324322,
        0.3319304573804577
    ],
    "28": [
        0.3349974158004156,
        0.3400871725571727
    ],
    "29": [
        0.5067903534303531,
        0.3427623492723494
    ],
    "30": [
        0.3248477713097716,
        0.3781598128898131
    ],
    "31": [
        0.5060040124740124,
        0.3788153846153849
    ],
    "32": [
        0.3268729625779622,
        0.39279496881496895
    ],
    "33": [
        0.5055106444906445,
        0.39001234927234907
    ],
    "34": [
        0.32847891891891906,
        0.4322804781704781
    ],
    "35": [
        0.5142957172557171,
        0.42708544698544654
    ],
    "36": [
        0.334874760914761,
        0.447282681912682
    ],
    "37": [
        0.5162549896049896,
        0.4390184407484404
    ],
    "38": [
        0.3456824760914761,
        0.48760141372141313
    ],
    "39": [
        0.5379987941787941,
        0.4770158212058213
    ],
    "40": [
        0.35472330769230737,
        0.5035883575883571
    ],
    "41": [
        0.544108794178794,
        0.49078020790020827
    ],
    "42": [
        0.3713501226611226,
        0.5446749480249479
    ],
    "43": [
        0.5727475883575882,
        0.5310069022869021
    ],
    "44": [
        0.38106266112266063,
        0.5609029106029109
    ],
    "45": [
        0.5828506652806656,
        0.5470042619542617
    ],
    "46": [
        0.39785604989604967,
        0.6029537214137212
    ],
    "47": [
        0.610714261954262,
        0.5901820582120586
    ],
    "48": [
        0.40720598544698555,
        0.6198640748440749
    ],
    "49": [
        0.6214519126819131,
        0.6093402079002082
    ],
    "50": [
        0.4205847089397087,
        0.6626331392931393
    ],
    "51": [
        0.6405091060291059,
        0.655167879417879
    ],
    "52": [
        0.42599450519750537,
        0.6802018918918915
    ],
    "53": [
        0.6472995634095636,
        0.67673787941788
    ],
    "54": [
        0.4272108898128895,
        0.7231248024948023
    ],
    "55": [
        0.6511423076923079,
        0.7232384199584199
    ],
    "56": [
        0.42509975051975024,
        0.742046611226612
    ],
    "57": [
        0.6527242619542618,
        0.7462664449064449
    ],
    "58": [
        0.4132093617463617,
        0.7866936382536387
    ],
    "59": [
        0.6466706237006238,
        0.7940273180873177
    ],
    "60": [
        0.4041620582120581,
        0.8076265488565492
    ],
    "61": [
        0.643856777546778,
        0.8157053014553018
    ],
    "62": [
        0.3842535343035342,
        0.8542601871101874
    ],
    "63": [
        0.6338455301455296,
        0.8640669230769235
    ],
    "64": [
        0.37248627858627886,
        0.8748371309771305
    ],
    "65": [
        0.6314899584199581,
        0.8828116008316007
    ],
    "66": [
        0.35270146985446965,
        0.9194540540540544
    ],
    "67": [
        0.6240876715176717,
        0.9280958835758835
    ]
}