{
    "0": [
        0.59363,
        0.0362385
    ],
    "1": [
        0.450955,
        0.930195
    ]
}