{
    "PR1": [
        0.39562734049895387,
        0.09736283452256417
    ],
    "PR2": [
        0.1619856416026643,
        0.1885595366679299
    ],
    "PR3": [
        0.46578860009134426,
        0.30266770993951164
    ],
    "PR4": [
        0.4283502838546358,
        0.3987926698522733
    ],
    "PR5": [
        0.44211184124369995,
        0.6081575619765064
    ],
    "FHR": [
        0.32467223864579237,
        0.4449967080571479
    ],
    "FR": [
        0.23208800848532904,
        0.6348998170671257
    ],
    "PS1": [
        0.606379916357357,
        0.4953574443613371
    ],
    "PS2": [
        0.6058270308198026,
        0.5548676851649176
    ],
    "PL1": [
        0.8228569078108499,
        0.10200830465367285
    ],
    "PL2": [
        1.058962074878054,
        0.197814654469131
    ],
    "PL3": [
        0.7451305706510112,
        0.30643128608679515
    ],
    "PL4": [
        0.7883653925154558,
        0.39578512798984816
    ],
    "PL5": [
        0.7656654836821779,
        0.6099422981461813
    ],
    "FHL": [
        0.8801261939121539,
        0.44827286060350796
    ],
    "FL": [
        0.9734797783475603,
        0.63859988328246
    ]
}