{
    "0": [
        0.1455723072106057,
        0.5207868232601114
    ],
    "1": [
        0.19730278400627724,
        0.5785677830711594
    ],
    "2": [
        0.25089434550935613,
        0.6793220417379614
    ],
    "3": [
        0.34709741086954343,
        0.8220155411924147
    ],
    "4": [
        0.31687609977202996,
        0.2312710720962
    ],
    "5": [
        0.32262346486273163,
        0.2947565496141403
    ],
    "6": [
        0.33239771657435907,
        0.3797112356735327
    ],
    "7": [
        0.3559660657204008,
        0.5337904223369951
    ],
    "8": [
        0.39516116616722197,
        0.7927557773293629
    ],
    "9": [
        0.460625452848219,
        0.18943723069431065
    ],
    "10": [
        0.456582297450831,
        0.2501998195925939
    ],
    "11": [
        0.4492809508905467,
        0.35856629211389107
    ],
    "12": [
        0.4419729959552943,
        0.5308997075599383
    ],
    "13": [
        0.44196761938298884,
        0.7826127419799875
    ],
    "14": [
        0.5772780130581113,
        0.23542397389115874
    ],
    "15": [
        0.5659365430020769,
        0.3012268793350803
    ],
    "16": [
        0.5445981262929226,
        0.397724025822639
    ],
    "17": [
        0.5137374423519735,
        0.5598138464358119
    ],
    "18": [
        0.47489817646830884,
        0.7822897889148261
    ],
    "19": [
        0.686176391401942,
        0.3799628683553593
    ],
    "20": [
        0.6640976081083789,
        0.4334689876053201
    ],
    "21": [
        0.6331034939666689,
        0.49103647152793356
    ],
    "22": [
        0.5769815829253141,
        0.6022974065782221
    ],
    "23": [
        0.5064210692064169,
        0.7946317122222579
    ],
    "24": [
        0.5405625755047601,
        0.8795905658638312
    ],
    "25": [
        0.4961886206801343,
        0.9143693165836717
    ],
    "26": [
        0.4409801799283252,
        0.9119462058104189
    ],
    "27": [
        0.3840998383216757,
        0.8951718604079492
    ],
    "28": [
        0.3505101748399632,
        0.8501755493651719
    ],
    "29": [
        0.4264898279089682,
        0.8638874245692972
    ]
}