{
    "0": [
        0.7588379479381644,
        0.537834016591813
    ],
    "1": [
        0.7079793172937906,
        0.5949558549951648
    ],
    "2": [
        0.6483954523088156,
        0.6908282039980487
    ],
    "3": [
        0.5456589695900413,
        0.8268415945530369
    ],
    "4": [
        0.5855573919414166,
        0.22884428273990615
    ],
    "5": [
        0.5794615743775753,
        0.29276700850363746
    ],
    "6": [
        0.5670638197767066,
        0.38164901958267067
    ],
    "7": [
        0.5383335747619803,
        0.5350080061177576
    ],
    "8": [
        0.49839476933959753,
        0.7961860334950668
    ],
    "9": [
        0.435321636214884,
        0.18338586354851508
    ],
    "10": [
        0.44177222925291454,
        0.24909984848024347
    ],
    "11": [
        0.4491578918087021,
        0.35631840013491917
    ],
    "12": [
        0.4525413270600396,
        0.5313688679243188
    ],
    "13": [
        0.45229250528408227,
        0.7856930664436197
    ],
    "14": [
        0.3131199868543059,
        0.2374324504714632
    ],
    "15": [
        0.3258756624921131,
        0.30381630676067656
    ],
    "16": [
        0.3507296273544729,
        0.4001137730925943
    ],
    "17": [
        0.3815810401849287,
        0.5618472889134702
    ],
    "18": [
        0.41838513680092243,
        0.785122006912635
    ],
    "19": [
        0.19930737714788765,
        0.39006290887636474
    ],
    "20": [
        0.2244329565890803,
        0.4418926261114227
    ],
    "21": [
        0.2592786693728495,
        0.4970649817059709
    ],
    "22": [
        0.318011480544976,
        0.6063725321908482
    ],
    "23": [
        0.3882982972997864,
        0.7991560391969672
    ],
    "24": [
        0.35261847448619604,
        0.8867771222295138
    ],
    "25": [
        0.3969506954606193,
        0.9200131576964753
    ],
    "26": [
        0.45267930791383576,
        0.9151077845385789
    ],
    "27": [
        0.5083908282521566,
        0.8984625085490291
    ],
    "28": [
        0.541731298429615,
        0.8547274936988289
    ],
    "29": [
        0.46720162140481125,
        0.8672897190523471
    ]
}